Object Type,Title,Item ARK,Parent ARK,File Name,AltTitle.other,collection.physical,Contents note,Date.created,Date.normalized,Description.latitude,Description.longitude,Description.note,Format.dimensions,Format.extent,Format.medium,Genre,Language,Local identifier,Name.creator,Named subject,Note,Place of origin,Publisher.publisherName,Repository,Resource type,Rights.copyrightStatus,Rights.rightsHolderContact,Statement of Responsibility,Subject,Subject geographic,Subject temporal
Collection,Albanian Photographic and Graphic Art Collection - AQSHF,ark:/21198/z1s19vm6,,asfdfas/,,,,,,,,"The Albanian National Film Archive (AQSHF) holds in its care a vast collection of photo negatives that chronicle the growth and the technological development of the Albanian film industry from 1946 to the 2000's. AQSHF has selected 18,041 items from their photographic and graphic art collections for digitization to safeguard their legacy into the future and open them up to scholars, researchers and the public. The curated selection includes costume and set design sketches, animation slides and production stills, allowing viewers to trace the journey of Albanian visual artists, still unknown but deserving of preservation and study.Following WWII, the government of Albania centered itself on isolationist politics, which separated the country from not only political, but also cultural influences of others. This caused Albanian culture, including film, to follow a strict set of ideologies and aesthetics. However, despite media restrictions and enforced censorship, Albanian filmmakers created and shared stories that helped quench a thirst to explore in a time when Albanians themselves were unable to do so. 

While the dictatorial regime prevented foreign influences to reach Albanian citizens, domestic filmmakers needed to navigate through and develop production and post-production methods on their own. Although this was a challenging task, it allowed filmmakers in Albania to create a distinct approach to creating films.

The Albanian National Film Archive (AQSHF) currently houses a large collection of film-related materials that chronicle the development of the Albanian film industry from the 1940’s to the 2000’s. This collection consists of thousands of items, including costume and set-design sketches, animation slides, productions stills, and more-- all depicting the evolution of Albanian cinema during a period of cultural repression.

Albanian cinema is a generally unknown cultural treasure. Throughout the latter half of the 20th century, Albanian cinema history was not often documented or written about in works beyond Albania, primarily due to the lack of materials and the country’s cultural/political isolation. While some articles and book chapters have discussed the topic, most of them fail to cover the history preceding the 1990’s. Albania’s cinematic collaborations with artists from foreign countries including Russia (1950’s-60’s), China (1960’s-70’s), and Italy (1980’s-90’s) provide a rich history of international partnerships in the arts. The AQSHF collection allows for this history to be shared.

To this day, there is so much that has yet to be discovered on Albanian cinematic history. The AQSHF collection contributes to filling in this gap by showcasing how Albanian artists, such as actors, musicians, screenwriters, directors, and designers, were constantly engaged with the arts even beyond Albanian borders. Examining this history through digitized materials will help users better understand Albania’s historic censorship policies and how they influenced Albanian cinema",,,,,,,,,,,,Arkivi Qendror Shtetëror i Filmit (AQSHF),,copyrighted,info@aqshf.gov.al,,,,
Work,Vajza Me Pata,ark:/21198/z1hh8c43,ark:/21198/z1s19vm6,asfdfas/aqshf_i4_0001_pos00001.tif,,AQSHF Animation Film Poster Collection,25 copies of poster in archive collection. One copy is in excellent condition. 23 copies have blue ink streak in right side of poster.  One copy has minor rip in right side corner.|~|Në koleksion ndodhen 25 kopje të njëjta posterash për këtë titull. Një nga kopjet është në gjendje shumë të mirë. 23 kopje kanë një rigë në ngjyrë blu në anën e djathtë të posterit. Një nga kopjet ka një grisje të vogël në cepin e djathtë.,1975.0,1975.0,,,"Original color poster release for Albanian animated short film ""Vajza Me Pata"". Directed by Esat Musliu, this is Albania's first nationally produced animation. The story is a filming of a puppet theater show in the central Albanian city of Elbasan.|~|Afishe origjinale me ngjyra për filmin e shkurtër vizatimor “Vajza me Pata”. Me regji nga Esat Musliu, ky është filmi i parë vizatimor prodhuar në Shqipëri. Historia ndjek filmimin e një shfaqje teatrale kukullash në qndër të qytetit të Elbasanit.",47 x 32.5,,,poster,alb,,"""New Albania"" Film Studio|~|Astrit Tota",,,"Tirana, Albania","""New Albania"" Film Studio",Arkivi Qendror Shtetëror i Filmit (AQSHF),still image,copyrighted,info@aqshf.gov.al,,Tirana (Albania)|~|20th Century|~|Film poster|~|Eastern Europe Animation|~|Elbasan (Albania)|~|Puppetry,,
Work,Zana Dhe Miri,ark:/21198/z1cr7mhq,ark:/21198/z1s19vm6,asfdfas/aqshf_i4_0002_pos00001.tif,,AQSHF Animation Film Poster Collection,26 copies of poster in archive collection. 24 copies are in excellent condition. Two copies have some minor rips and tears on poster edges.|~|Në koleksion ndodhen 26 kopje të njëjta posterash për këtë titull. 24 kopje janë në gjendje shumë të mirë. Dy kopje kanë disa grisje të vogla nëpër anët e posterit.,1975.0,1975.0,,,"Original color poster release for Albanian animated short film ""Zana Dhe Miri"". Directed by Vlash Droboniku and Tomi Vaso, this film tells the story of two little children who learn to respect nature while playing with a ball. Animated film uses paper cut-out technique and drawing.|~|Afishe origjinale me ngjyra për filmin e shkurtër vizatimor “Zana dhe Miri”. Me regji nga Vlash Droboniku dhe Tomi Vaso, filmi tregon historinë e dy fëmijëve të vegjël të cilët mësojnë të respektojnë natyrën ndërkohë që luajnë me një top. Film vizatimor ku përdoren teknikat e paper cut dhe vizatimit.",47 x 32.5,,,poster,alb,,"""New Albania"" Film Studio|~|Vlash Droboniku",,,"Tirana, Albania","""New Albania"" Film Studio",Arkivi Qendror Shtetëror i Filmit (AQSHF),still image,copyrighted,info@aqshf.gov.al,,Tirana (Albania)|~|20th Century|~|Film poster|~|Eastern Europe Animation,,
Work,Pika E Ujit,ark:/21198/z1835k3p,ark:/21198/z1s19vm6,asfdfas/aqshf_i4_0003_pos00001.tif,,AQSHF Animation Film Poster Collection,5 copies of poster in archive collection. Some slight damage on several poster copies.|~|Në koleksion ndodhen 5 kopje të njëjta posterash për këtë titull. Ka disa dëmtime të vogla në tre nga pesë kopjet.,1976.0,1976.0,,,"Original color poster release for Albanian animated short film ""Pika e Ujit"" (The Drop of Water). Directed by an actor turned director, Bujar Kapexhiu, the film is the story of a child fairy arriving in a rain storm.|~|Afishe origjinale me ngjyra për filmin e shkurtër vizatimor ""Pika e Ujit"". Me regji nga aktori Bujar Kapexhiu, i cili më vonë bëhet regjisor, filmi është rreth një zane fëmijë, pikë uji nga një stuhi shiu.",47 x 32.5,,,poster,alb,,"""New Albania"" Film Studio|~|Vlash Droboniku",,,"Tirana, Albania","""New Albania"" Film Studio",Arkivi Qendror Shtetëror i Filmit (AQSHF),still image,copyrighted,info@aqshf.gov.al,,Tirana (Albania)|~|20th Century|~|Film poster|~|Eastern Europe Animation,,
Work,Puna Është Flori,ark:/21198/z14b4tfv,ark:/21198/z1s19vm6,asfdfas/aqshf_i4_0029_pos00001.tif,,AQSHF Animation Film Poster Collection,"13 copies of poster in archive collection. Posters are in very good condition, printed on thick cardboard paper.|~|Në koleksion ndodhen 13 kopje të njëjta posterash për këtë titull. Posterat janë në gjendje shumë të mirë. Janë të printuara në letër me gramaturë të trashë.",1981.0,1981.0,,,"Original color poster release for Albanian animated short film ""Puna Është Flori"" (Work is Gold). Based on a tale by the Albanian writer Sami Frashëri, this animated short film teaches children that “treasures are not found, but earned.""|~|Afishe origjinale me ngjyra për filmin e shkurtër vizatimor ""Puna është Flori"". Bazuar në përrallën e shkruar nga Sami Frashëri, filmi i shkurtër vizatimor u mëson fëmijëve që ‘’thesaret nuk gjenden, por fitohen’’.",34 x 27,,,poster,alb,,"""New Albania"" Film Studio|~|Boris Ikonomi",,,"Tirana, Albania","""New Albania"" Film Studio",Arkivi Qendror Shtetëror i Filmit (AQSHF),still image,copyrighted,info@aqshf.gov.al,,Tirana (Albania)|~|20th Century|~|Film poster|~|Eastern Europe Animation|~|Albanian Literature|~|Sami Frasheri,,
Work,"Ah, Lepurusha, Lepurusha",ark:/21198/z10k42rz,ark:/21198/z1s19vm6,asfdfas/aqshf_i4_0037_pos00001.tif,,AQSHF Animation Film Poster Collection,8 copies of poster in archive collection. All copies have crease folded in the middle. One copy has minor tear in right side middle.|~|Në koleksion ndodhen 8 kopje të njëjta posterash për këtë titull. Të githa kopjet kanë rudha nga palosjet në mes. Një nga kopjet ka disa grisje të vogla djathtas në mes.,1981.0,1981.0,,,"Original color poster release for Albanian animated short film ""Ah, Lepurusha, Leprurusha"" (Ah, You Rabbits, Rabbits!). Director Artan Maku's film shows a group of worried school children trying to find a solution when they discover that hungry rabbits are eating all the bark from the trees.|~|Afishe origjinale me ngjyra për filmin e shkurtër vizatimor ""Ah, Lepurusha, Lepurusha"". Me regji nga Artan Maku, filmi tregon një grup nxënësish të shqetësuar që përpiqen të gjejnë një zgjidhje kur zbulojnë që disa lepuj të uritur po hanë lëvoret e pemëve.",41 x 30,,,poster,alb,,"""New Albania"" Film Studio|~|Artan Maku",,,,,Arkivi Qendror Shtetëror i Filmit (AQSHF),still image,copyrighted,info@aqshf.gov.al,,Tirana (Albania)|~|20th Century|~|Film poster|~|Eastern Europe Animation,,
Work,Dy Gosti,ark:/21198/z1vt3k6s,ark:/21198/z1s19vm6,asfdfas/aqshf_i4_0040_pos00001.tif,,AQSHF Animation Film Poster Collection,2 copies of poster in archive collection. One copy is in fair to good condition. One copy is in poor to fair condition. Both copies have crease folded in the middle. Only animated poster that in archive collection that is black and white.|~|Në koleksion ndodhen 2 kopje të njëjta posterash për këtë titull. Një nga posterat është në gjendje të mirë. Posteri tjetër është disi më i dëmtuar. Të dyja kopjet kanë rudha nga palosjet në mes.,1982.0,1982.0,,,"Original color poster release for Albanian animated short film ""Dy Gostitë"" (Two Feasts). Based on a fable by the French poet La Fontaine, this short animated film shows how a hardworking and smart stork takes revenge on two forest thieves.|~|Afishe origjinale me ngjyra për filmin e shkurtër vizatimor ""Dy Gostitë"". Bazuar në një përrallë të shkrimtarit francez La Fontaine, ky film tregon historinë e një lejleku punëtor dhe të zgjuar  edhe sesi ai merr hak ndaj dy hajdutëve të pyllit.",40.5 x 27.5,,,poster,alb,,"""New Albania"" Film Studio|~|Gazmend Leka",,,,,Arkivi Qendror Shtetëror i Filmit (AQSHF),still image,copyrighted,info@aqshf.gov.al,,Tirana (Albania)|~|20th Century|~|Film poster|~|Eastern Europe Animation|~|French Poets|~|Jean La Fontaine,,
Work,Kecat Dhe Ujku,ark:/21198/z1r22tfx,ark:/21198/z1s19vm6,asfdfas/aqshf_i4_0043_pos00001.tif,,AQSHF Animation Film Poster Collection,13 copies in archive collection. All copies have a crease folded in the center. Five copies are poorly printed. Six copies are in good condition. Two copies have some surface damage.|~|Në koleksion ndodhen 13 kopje të njëjta posterash për këtë titull. Pesë nga kopjet janë printuar me cilësi të dobët. Gjashtë nga kopjet janë me cilësi të mirë. Dy nga kopjet kanë disa dëmtime sipërfaqësore.,1982.0,1982.0,,,"Original color poster release for Albanian animated short film ""Kecat Dhe Ujku"" (Baby Goats and the Wolf) tells the classic fable of three baby goats who outwit a wolf. Director Artur Dauti's short animation is one of Albania's most popular films.|~|Afishe origjinale për filmin e shkurtër vizatimor ""Kecat Dhe Ujku"" ku tregohet fabula klasike e tre kecave që mposhtin një ujk. Me regji nga Artur Dauti, ky film i shkurtër vizatimor është kthyer në një nga filmat më popullorë shqiptarë.",41 x 30,,,poster,alb,,"""New Albania"" Film Studio|~|Artur Dauti",,,,,Arkivi Qendror Shtetëror i Filmit (AQSHF),still image,copyrighted,info@aqshf.gov.al,,Tirana (Albania)|~|20th Century|~|Film poster|~|Eastern Europe Animation,,
Work,Djali Dhe Peneli,ark:/21198/z1m922qk,ark:/21198/z1s19vm6,asfdfas/aqshf_i4_0045_pos00001.tif,,AQSHF Animation Film Poster Collection,5 copies in archive collection. Copies are in good condition. One copy has a crease in the center. All copies have black and white production still from Albanian fiction films printed on back. Possible that paper to make poster was recycled.|~|Në koleksion ndodhen 5 kopje të njëjta posterash për këtë titull. Kopjet janë në gjendje të mirë. Njëra nga kopjet ka një rudhë në mes. Të gjitha kopjet kanë foto bardhë e zi nga filmat shqiptarë të printuar në anën e pasme. Ka mundësi që letra e përdorur të jetë e ricikluar.,1983.0,1983.0,,,"Original color poster release for Albanian animated short film ""Djali Dhe Peneli"" (The Boy and the Brush). Director Sokol Xhahysa's film portrays Artan, a young boy who enjoys drawing and educates the other child with the love on the beautiful art.|~|Afishe origjinale për filmin e shkurtër vizatimor ""Djali Dhe Peneli"". Me regji nga Sokol Xhahysa filmi portretizon një djalosh të ri Artanin  i cilit i pëlqen të vizatojë. Filmi edukon fëmijët e tjerë me dashurinë ndaj së bukurës dhe artit.",39 x 27,,,poster,alb,,"""New Albania"" Film Studio|~|Sokol Xhahysa",,,,,Arkivi Qendror Shtetëror i Filmit (AQSHF),still image,copyrighted,info@aqshf.gov.al,,Tirana (Albania)|~|20th Century|~|Film poster|~|Eastern Europe Animation,,
Work,Bredhi Midis Nesh,ark:/21198/z1gj1b3m,ark:/21198/z1s19vm6,asfdfas/aqshf_i4_0046_pos00001.tif,,AQSHF Animation Film Poster Collection,Three copies in archive collection. Copies are in fair conditon. All copies have a crease in the middle.|~|Në koleksion ndodhen 3 kopje të njëjta posterash për këtë titull. Kopjet janë në gjendje të mirë. Të gjitha kopjet kanë një rudhë në mes.,1983.0,1983.0,,,"Original color poster release for Albanian animated short film ""Bredhi Midis Nesh"" (The Fir Tree Between Us). Director Artan Maku's films tells the story of some forest animals who unite to teach a lesson to a fox who tries to spoil a joyful New Year's celebration.|~|Afishe origjinale për filmin e shkurtër vizatimor ""Bredhi Midis Nesh"". Me regji nga Artan Maku filmi tregon historinë e kafshëve të vogla të pyllit të cilat, të bashkuara dhe të vendosura, i japin një mësim të mirë dhelprës që mundohet të prishë festën e Vitit të Ri.",39 x 27,,,poster,alb,,"""New Albania"" Film Studio|~|Artan Maku",,,,,Arkivi Qendror Shtetëror i Filmit (AQSHF),still image,copyrighted,info@aqshf.gov.al,,Tirana (Albania)|~|20th Century|~|Film poster|~|Eastern Europe Animation,,
Work,Toçi E Poçi,ark:/21198/z1bv98qr,ark:/21198/z1s19vm6,asfdfas/aqshf_i4_0048_pos00001.tif,,AQSHF Animation Film Poster Collection,"Seven copies in archive collection. All posters are in fair condition. On back, all seven posters have black and white still photos from Albanian fiction film “Në kufi të dy legjendave” (On the Border of Two Legends) (1981).|~|Në koleksion ndodhen 7 kopje të njëjta posterash për këtë titull. Të gjitha kopjet janë në gjendje të mirë. Të gjitha posterat kanë në pjesën e pasme foto bardhë e zi nga filmi “Në kufi të dy legjendave” (1981).",1983.0,1983.0,,,"Original color poster release for Albanian animated short film ""Toçi and Poçi"". Director Artur Dauti's films shows two poor children who do their best to help the resistance during the Second World War by distributing tracts and erasing fascist slogans.|~|Afishe origjinale për filmin e shkurtër vizatimor ""Toçi e Poçi"". Me regji nga Artur Dauti filmi tregon dy fëmijë të shtresës së varfër të popullit, të cilët japin ndihmesën e tyre modeste duke ndarë trakte dhe duke fshirë parrullat fashiste dhe shkruar parrullat gjatë Luftës së Dytë Botërore.",38.5 x 27,,,poster,alb,,"""New Albania"" Film Studio|~|Artur Dauti",,,"Tirana, Albania","""New Albania"" Film Studio",Arkivi Qendror Shtetëror i Filmit (AQSHF),still image,copyrighted,info@aqshf.gov.al,,Tirana (Albania)|~|20th Century|~|Film poster|~|Eastern Europe Animation,,
Work,Qershiza Mendjelehtë,ark:/21198/z1738j2n,ark:/21198/z1s19vm6,asfdfas/aqshf_i4_0049_pos00001.tif,,AQSHF Animation Film Poster Collection,Two copies of poster in archive collection. Both copies are in good condition.|~|Në koleksion ndodhen 2 kopje të njëjta posterash për këtë titull. Të dyja kopjet janë në gjendje të mirë.,1983.0,1983.0,,,"Original color poster release for Albanian animated short film ""Qershiza mendjelehtë"" (The Stupid Cherry Tree). Director Suzana Varvarica's animated film portrays a cherry tree suffering from a beautiful but troublesome butterfly and the hardworking woodpecker who cleans its trunk of caterpillars and worms that try to eat and destroy it.|~|Afishe origjinale për filmin e shkurtër vizatimor ""Qershiza mendjelehtë"". Me regji nga Suzana Varvarica filmi i shkurtër vizatimor portretizon qershizën mendjelehtë sesi vuan nga flutura ""e bukur"" dhe se si qukapiku ""i shëmtuar"", por punëtor, pastron trungun e saj nga vemjet dhe krimbat brejtës dhe shkatërrues për të.",47 x 32.5,,,poster,alb,,"""New Albania"" Film Studio|~|Suzana Varvarica",,,,,Arkivi Qendror Shtetëror i Filmit (AQSHF),still image,copyrighted,info@aqshf.gov.al,,Tirana (Albania)|~|20th Century|~|Film poster|~|Eastern Europe Animation,,
Work,Zemërimi,ark:/21198/z13b7s9g,ark:/21198/z1s19vm6,asfdfas/aqshf_i4_0050_pos00001.tif,,AQSHF Animation Film Poster Collection,Two copies of poster in archive collection. Both copies are in very good condition.|~|Në koleksion ndodhen 2 kopje të njëjta posterash për këtë titull. Të dyja kopjet janë në gjendje shumë të mirë.,1983.0,1983.0,,,"Original color poster release for Albanian animated short film ""Zemërimi"" (The Anger). Director and animator Artur Dauti's short film features a messy little boy who is given an education in tidiness by two imaginary cats and his older sister.|~|Afishe origjinale për filmin e shkurtër vizatimor ""Zemërimi"". Me regji nga Artur Dauti, filmi flet për një djalë të çrregullt të cilit i jepet një mësim për pastërtinë nga dy mace imagjinare dhe nga motra e tij e madhe.",47 x 32.5,,,poster,alb,,"""New Albania"" Film Studio|~|Josif Droboniku",,,,,Arkivi Qendror Shtetëror i Filmit (AQSHF),still image,copyrighted,info@aqshf.gov.al,,Tirana (Albania)|~|20th Century|~|Film poster|~| Eastern Europe Animation,,
Work,Bilbili Mendjelehtë,ark:/21198/z1zk78sq,ark:/21198/z1s19vm6,asfdfas/aqshf_i4_0052_pos00001.tif,,AQSHF Animation Film Poster Collection,2 copies of poster in archive collection. Posters are in very good condition.|~|Në koleksion ndodhen 2 kopje të njëjta posterash për këtë titull. Posterat janë në gjendje shumë të mirë.,1983.0,1983.0,,,"Original color poster release for Albanian animated short film ""Bilbili mendjelehtë"" (The Stupid Robin). Director and animator Artur Dauti's short animated film tells of a little nightingale who gets trapped in a cage but freed by a group of fellow birds.|~|Afishe origjinale për filmin e shkurtër vizatimor ""Bilbili mendjelehtë"". Filmi vizatimor i regjisorit dhe animatorit Artur Dauti, tregon historinë e një bilbili të vogël i cili bie në kurthin e nje kafazi por me ndihmën e shokëve të tij arrin të dalë nga kafazi.",47 x 32.5,,,poster,alb,,"""New Albania"" Film Studio|~|Artur Dauti",,,,,Arkivi Qendror Shtetëror i Filmit (AQSHF),still image,copyrighted,info@aqshf.gov.al,,Tirana (Albania)|~|20th Century|~|Film poster|~|Eastern European Animation,,
Work,"Jo Kështu, Piku!",ark:/21198/z1tt6j1z,ark:/21198/z1s19vm6,asfdfas/aqshf_i4_0053_pos00001.tif,,AQSHF Animation Film Poster Collection,One copy of poster in archive collection.  Poster is in fair condition. Minor tear in top right corner.|~|Ky titull ka vetëm një kopje. Posteri është në gjendje të mirë. Ka një grisje të vogël në cepin djathtas lart.,1983.0,1983.0,,,"Original color poster release for Albanian animated short film based on the fable ""Jo kështu, Piku!"" (Not Like That, Piku!) This short film by directors and animators Artan Maku, Robert Qafzezi tells of a greedy dog, Piku, who is taught a lesson in sharing by his canine brothers.|~|Afishe origjinale për filmin e shkurtër vizatimor ""Jo kështu, Piku"". Ky film, me regji dhe vizatime nga Artan Maku dhe Robert Qafzezi tregon historinë e qenit ziliqar Piku, i merr një mesim të mirë nga vëllezërit e tij.",47 x 32.5,,,poster,alb,,"""New Albania"" Film Studio|~|Artan Maku|~|Robert Qafzezi",,,,,Arkivi Qendror Shtetëror i Filmit (AQSHF),still image,copyrighted,info@aqshf.gov.al,,Tirana (Albania)|~|20th Century|~|Film poster|~|Eastern Europe Animation,,
Work,Të Papriturat E Bardhoshit,ark:/21198/z1q25sb0,ark:/21198/z1s19vm6,asfdfas/aqshf_i4_0056_pos00001.tif,,AQSHF Animation Film Poster Collection,One copy of poster in archive collection. Good condition. Folded crease in the middle of poster.|~|Ky titull ka vetëm një kopje. Gjendja është e mirë. Ka rudhë nga palosja në mes.,1983.0,1983.0,,,"Original color poster release for Albanian for animated short film ""Të Papriturat E Bardhoshit"" (The Adventures of Bardhosh). Director Bujar Kapexhiu's film finds a stubborn baby chick, Bardhoshi, almost falling prey to a whiskered cat, protected by his mother hen.|~|Afishe origjinale me ngjyra për filmin e shkurtër vizatimor ""Të Papriturat E Bardhoshit"". Me regji nga Bujar Kapexhiu, filmin tregon për Bardhoshin një zog i vogël që për pak bie pre e një maçoku mustaqemadh, por nëna e tij klloçkë e shpëton atë.",39 x 27,,,poster,alb,,"""New Albania"" Film Studio|~|Artur Muharemi",,,,,Arkivi Qendror Shtetëror i Filmit (AQSHF),still image,copyrighted,info@aqshf.gov.al,,Tirana (Albania)|~|20th Century|~|Film poster|~|Eastern Europe Animation,,
Work,"Pipiruku Pret ""Dy Miq""",ark:/21198/z1k951pj,ark:/21198/z1s19vm6,asfdfas/aqshf_i4_0058_pos00001.tif,,AQSHF Animation Film Poster Collection,Five copies in archive collection. All copies are in good condition but have folded crease in the center.|~|Në koleksion ndodhen 5 kopje të njëjta posterash për këtë titull. Të gjitha kopjet janë në gjendje të mirë por kanë rudha nga palosja në mes.,1983.0,1983.0,,,"Original color poster release for Albanian for animated short film ""Pipiruku Pret Dy 'Miq'"" (Pipiruku Receives Two ""Guests""). This animation features tiny Pipiruku, a recurring fictional character created by director Bujar Kapexhiu, mocking two tough men.|~|Afishe origjinale për filmin e shkurtër vizatimor ""Pipiruku Pret ""Dy Miq"". Ky film i shkurtër vizatimor tregon historinë e djalit të vogël Pipiruku, një personazh imagjinar i krijuar nga regjisori Bujar Kapexhiu, i cili ve në lojë dy ballistë.",37 x 27,,,poster,alb,,"""New Albania"" Film Studio|~|Bujar Kapexhiu",,,,,Arkivi Qendror Shtetëror i Filmit (AQSHF),still image,copyrighted,info@aqshf.gov.al,,Tirana (Albania)|~|20th Century|~|Film poster|~|Eastern Europe Animation,,
Work,"Zogu Pushbardhë, Seria I",ark:/21198/z1fn309n,ark:/21198/z1s19vm6,asfdfas/aqshf_i4_0059_pos00001.tif,,AQSHF Animation Film Poster Collection,Three copies in archive collection. All copies are in good condition. Posters have folded crease in the center. All posters have some slight surface damage.|~|Në koleksion ndodhen 3 kopje të njëjta posterash për këtë titull.  Të gjitha kopjet janë në gjendje të mirë. Posterat kanë rudha nga palosja në mes. Të gjithë posterat kanë disa dëmtime të vogla sipërfaqësore.,1983.0,1983.0,,,"Original color poster release for Albanian animated short film ""Zogu Pushbardhë, Seria I"" (The Fluffy White Chick, Part 1) features script, direction and puppetry by Vlash Droboniku. First of what would become a popular animated series in Albania features a little fluffy bird who's saved by a helpful rabbit and other forest animals.|~|Afishe origjinale për filmin e shkurtër vizatimor ""Zogu Pushbardhë, Seria I"" me skenar, regji dhe kukulla nga Vlash Droboniku. Filmi i parë që më pas do të bëhej dhe një serial shumë popullor në Shqipëri, na tregon historinë e një zogu të vogël me gëzof i cili shpëtohet nga një lepur i gjindshëm dhe disa kafshë të tjera të pyllit.",26.5 x 38,,,poster,alb,,"""New Albania"" Film Studio|~|Vlash Droboniku",,,,,Arkivi Qendror Shtetëror i Filmit (AQSHF),still image,copyrighted,info@aqshf.gov.al,,Tirana (Albania)|~|20th Century|~|Film poster|~|Eastern Europe Animation,,
Work,"Zogu Pushbardhë, Seria IV",ark:/21198/z19w27p8,ark:/21198/z1s19vm6,asfdfas/aqshf_i4_0062_pos00001.tif,,AQSHF Animation Film Poster Collection,Nine copies of poster in archive collection. Eight copies are in very good condition. One copy has front design that has ink which leaked through back of poster.|~|Në koleksion ndodhen 9 kopje të njëjta posterash për këtë titull.  Tetë kopje janë në gjendje shumë të mirë. Njëra nga kopjet ka një njollë boje e cila ka depërtuar tej për tej deri në pjesën e pasme të posterit.,1984.0,1984.0,,,"Original color poster release for Albanian for animated short film ""Zogu Pushbardhë, Seria IV"" (The Fluffy White Chick, Part 4)  features script, direction and puppetry by Vlash Droboniku. Animated serial features some ducklings and a rabbit giving a lesson to the selfish Pushbardhi, who thinks of only of enjoying himself.|~|Afishe origjinale për filmin e shkurtër vizatimor ""Zogu Pushbardhë, Seria IV"" me skenar, regji dhe kukulla nga Vlash Droboniku. Seriali i animuar tregon për bibat dhe një lepur që i japin një mësim të mirë Pushbardhit egoist, i cili mendon vetëm e vetëm se si mund të kënaqë veten e tij.",39 x 27,,,poster,alb,,"""New Albania"" Film Studio|~|Vlash Droboniku",,,,,Arkivi Qendror Shtetëror i Filmit (AQSHF),still image,copyrighted,info@aqshf.gov.al,,Tirana (Albania)|~|20th Century|~|Film poster|~|Eastern Europe Animation,,
Work,Gara E Milingonave,ark:/21198/z1641gwz,ark:/21198/z1s19vm6,asfdfas/aqshf_i4_0066_pos00001.tif,,AQSHF Animation Film Poster Collection,Four copies in archive collection. Copies are in fair condition. All copies have folded crease in the center.|~|Në koleksion ndodhen 4 kopje të njëjta posterash për këtë titull. Kopjet janë në gjendje të mirë. Të gjitha kopjet kanë rudha nga palosjet në mes.,1984.0,1984.0,,,"Original color poster release for Albanian animated short film ""Gara e Milingonave"" (Race of the Arts). Pictoral director Suzana Varvarica's film follows a small ant who comes out first in a long and difficult race thanks to its will and spirit.|~|Afishe origjinale për filmin e shkurtër vizatimor ""Gara e Miligonave"". Me regji dhe piktura të Suzana Varvarica filmi ndjek historinë e një milingone të vogël, e cila edhe pse më e dobët se dy të tjerat me të cilat matet në një garë të gjatë e të vështirë, del e para në sajë të vullnetit e shpirtit të garës. .",25.5 x 37.5,,,poster,alb,,"""New Albania"" Film Studio|~|Suzana Vavarica",,,,,Arkivi Qendror Shtetëror i Filmit (AQSHF),still image,copyrighted,info@aqshf.gov.al,,Tirana (Albania)|~|20th Century|~|Film poster|~|Eastern Europe Animation,,
Work,"Zogu Pushbardhë, Seria V",ark:/21198/z12c0r46,ark:/21198/z1s19vm6,asfdfas/aqshf_i4_0068_pos00001.tif,,AQSHF Animation Film Poster Collection,Two copies of poster in archive collection. Copies are in very good condition.|~|Në koleksion ndodhen 2 kopje të njëjta posterash për këtë titull.  Kopjet janë në gjendje shumë të mirë.,1984.0,1984.0,,,"Original color poster release for Albanian animated short film ""Zogu Pushbardhë, Seria V"" (The Fluffy White Chick, Series 5) This last episode of the popular animated series features Pushbardhi who continues ignore the advice of his real friends and risks his safety again. Script, direction and puppetry by Vlash Droboniku.|~|Afishe origjinale për filmin e shkurtër vizatimor ""Zogu Pushbardhë, Seria V"". Ky është dhe episodi i fundit i serialit popullor Pushbardhi që vazhdon të injorojë këshillat e miqve të vërtetë dhe vendos veten në rrezik. Skenari, kukullat dhe regjia nga Vlash Droboniku.",26.5 x 38,,,poster,alb,,"""New Albania"" Film Studio|~|Vlash Droboniku",,,,,Arkivi Qendror Shtetëror i Filmit (AQSHF),still image,copyrighted,info@aqshf.gov.al,,Tirana (Albania)|~|20th Century|~|Film poster|~|Eastern Europe Animation,,
Work,Lulja Magjike,ark:/21198/z1xm07mf,ark:/21198/z1s19vm6,asfdfas/aqshf_i4_0070_pos00001.tif,,AQSHF Animation Film Poster Collection,"Two copies of poster in archive collection. Both copies in good condition. Both copies have folded crease in the middle.|~|Në koleksion ndodhen 2 kopje të njëjta posterash për këtë titull.  Të dyja kopjet janë në gjendje të mirë. Të dyja kopjet kanë rudhë nga palosja në mes.
",1984.0,1984.0,,,"Original color poster release for Albanian animated short film ""Lulja Magijke"" (The Magic Flower). Director Artan Maku's short film portrays a little chicken who's afraid to play in the grove with his friends, always staying close to his mother. This worries his mother who decides to send the little chicken to look for a magic flower on the top of the mountain that will give him courage and strength.|~|Afishe origjinale për filmin e shkurtër vizatimor ""Lulja Magijke"". Me regji nga Artan Maku filmi i shkurtër vizatimor portretizon një zog të vogël pune i cili kishte frikë të luante me miqtë e tij, por qëndronte gjithmonë pranë të ëmës. Kjo gjë e shqetësonte nënën e tij e cila vendos ta dergojë për të kërkuar në maje të malit lulen magjike që do ti japë kurajë dhe forcë.",26.5 x 36,,,poster,alb,,"""New Albania"" Film Studio|~|Artan Maku",,,,,Arkivi Qendror Shtetëror i Filmit (AQSHF),still image,copyrighted,info@aqshf.gov.al,,Tirana (Albania)|~|20th Century|~|Film poster|~|Eastern Europe Animation,,
Work,Merimanga Dhe Brumbulli,ark:/21198/z1st9gw5,ark:/21198/z1s19vm6,asfdfas/aqshf_i4_0084_pos00001.tif,,AQSHF Animation Film Poster Collection,Five copies of poster in archive collection. Copies are in very good condition. One copy is poorly printed.|~|Në koleksion ndodhen 5 kopje të njëjta posterash për këtë titull. Kopjet janë në gjendje shumë të mirë. Njëra nga kopjet është e printuar me cilësi të dobët.,1986.0,1986.0,,,"Original color poster release for Albanian animated short film ""Merimanga dhe brumbulli"" The Spider and the Bug). Director Boris Ikonomi's animated film tells the story of a lazy beetle and a cunning spider. Short film uses stop motion animation technique.|~|Afishe origjinale për filmin e shkurtër vizatimor ""Merimanga dhe brumbulli"". Filmi i shkurtër vizatimor me regji të Boris Ikonomit tregon historinë e një brumbulli dembel dhe merimangës dinake. Në film janë përdorur teknikat e montazhit në vizatime.",39 x 27,,,poster,alb,,"""New Albania"" Film Studio|~|Shaqir Veseli",,,,,Arkivi Qendror Shtetëror i Filmit (AQSHF),still image,copyrighted,info@aqshf.gov.al,,Tirana (Albania)|~|20th Century|~|Film poster|~|Eastern Europe Animation|~|Animation Techniques|~|Stop Motion,,
Work,Robinsoni dhe shpëtimtarët,ark:/21198/z1p28r8h,ark:/21198/z1s19vm6,asfdfas/aqshf_i4_0085_pos00001.tif,,AQSHF Animation Film Poster Collection,Three copies of poster in archive collection. Three copies of poster have uncut white edges around original image in center.|~|Në koleksion ndodhen 3 kopje të njëjta posterash për këtë titull. Të treja kopjet kanë bordurë printimi të paprerë rreth e përqark imazhit qendror.,1986.0,1986.0,,,"Original color poster release for Albanian animated short film ""Robinsoni dhe shpëtimtarët"" (Robinson and the Saviors). Director Sokol Xhahysa's short film is based on Daniel Defoe's 18th century novel about a castaway who spends 28 years on a desert island.|~|Afishe origjinale për filmin e shkurtër vizatimor ""Robinsoni dhe shpëtimtarët"". Me regji nga Sokol Xhahysa filmi i shkurtër është bazuar në novelën e shekullit të 18-të shkruar nga Daniel Defoe për një të humbur që kalon 28 vite në një ishull të shkretë.",39 x 27,,,poster,alb,,"""New Albania"" Film Studio|~|Sokol Xhahysa",,,,,Arkivi Qendror Shtetëror i Filmit (AQSHF),still image,copyrighted,info@aqshf.gov.al,,Tirana (Albania)|~|20th Century|~|Film poster|~|Eastern Europe Animation|~|Daniel Defoe|~|Robinson Crusoe,,
Work,Tik-Taku I Fundit,ark:/21198/z1jd6pw6,ark:/21198/z1s19vm6,asfdfas/aqshf_i4_0086_pos00001.tif,,AQSHF Animation Film Poster Collection,Two copies of poster in archive collection. Good condition. One copy is uncut around edges creating a white frame outside of original design.|~|Në koleksion ndodhen 2 kopje të njëjta posterash për këtë titull.  Gjendja është e mirë. Njëra nga kopjet ka bordurë printimi të paprerë që krijon një kornizë të bardhë rretheqark imazhit qendror.,1986.0,1986.0,,,"Original color poster release for Albanian animated short film ""Tik-taku i fundit"" (The Last Tick-Tock). Director Artur Dauti's animated film presents a comic take on events that took place on the eve of the 1944 liberation of Albania when many rich merchants begin to hide gold in basements and gardens in order to not surrender it to the victorious communists.|~|Afishe origjinale për filmin e shkurtër vizatimor ""Tik-taku i fundit"". Filmi me regji nga Artur Dauti paraqet një vështrim komik të ngjarjeve në prag të çlirimit të Shqipërisë në vitin 1944 ku shumë tregtarë të pasur fillojnë dhe fshehin floririn nëpër bodrume dhe kopshte në mënyrë që mos t’ua dorëzojnë komunistëve fitimtarë.",39 x 27,,,poster,alb,,"""New Albania"" Film Studio|~|Artur Dauti",,,,,Arkivi Qendror Shtetëror i Filmit (AQSHF),still image,copyrighted,info@aqshf.gov.al,,Tirana (Albania)|~|20th Century|~|Film poster|~|Eastern Europe Animation|~|Communism,,
Work,"Si Bëri, Gjeti",ark:/21198/z1dn5z6b,ark:/21198/z1s19vm6,asfdfas/aqshf_i4_0090_pos00001.tif,,AQSHF Animation Film Poster Collection,15 copies of poster in archive collection. Five copies of poster have edges cut. Ten copies of poster have uncut white edges around original image.|~|Në koleksion ndodhen 15 kopje të njëjta posterash për këtë titull.  Pesë nga kopjet i kanë bordurat e printimit të prera. Dhjetë nga kopjet kanë bordurë të bardhë printimi të paprerë rretheqark imazhit qendror.,1986.0,1986.0,,,"Original color poster release for Albanian animated short film ""Si bëri, gjeti"" (Got What One Deserved). Director and animator Gjin Varfi's stop motion animated film tells the story of a piglet that lives quietly in the forest, trying to avoid being killed by a hunter.|~|Afishe origjinale për filmin e shkurtër vizatimor ""Si bëri, gjeti"". Regjsori dhe animatori Gjin Varfi me filmin ku përdoret teknika e stop motion na tregon historinë e një derrkuci që jeton i qetë në pyll dhe që përpiqet t'i shpëtojë çiftes së gjahtarit.",26.5 x 36,,,poster,alb,,"""New Albania"" Film Studio|~|Gjin Varfi",,,,,Arkivi Qendror Shtetëror i Filmit (AQSHF),still image,copyrighted,info@aqshf.gov.al,,Tirana (Albania)|~|20th Century|~|Film poster|~|Eastern Europe Animation,,
Work,Ëndrra Në Diell,ark:/21198/z18w56g0,ark:/21198/z1s19vm6,asfdfas/aqshf_i4_0091_pos00001.tif,,AQSHF Animation Film Poster Collection,Four copies of poster in archive collection. Three copies are in very good condition. One copy has dirt smudge on poster surface.|~|Në koleksion ndodhen 4 kopje të njëjta posterash për këtë titull. Tre nga kopjet janë në gjendje shumë të mirë. Një nga kopjet ka njolla papastërtie në sipërfaqe.,1986.0,1986.0,,,"Original color poster release for Albanian animated short film ""Ëndrra në diell"" (Day Dreams). Director Robert Qafzezi's film tells the story of a lazy dreamer who doesn't like to work to make his dreams come true.|~|Afishe origjinale për filmin e shkurtër vizatimor ""Ëndrra në diell"". Regjisori Robert Qafzezi na tregon historinë e një ëndërrimtari të përgjumur të cilit nuk i pëlqen të punojë që të realizojë ëndrrat e tij.",39 x 27,,,poster,alb,,"""New Albania"" Film Studio|~|Robert Qafzezi",,,,,Arkivi Qendror Shtetëror i Filmit (AQSHF),still image,copyrighted,info@aqshf.gov.al,,Tirana (Albania)|~|20th Century|~|Film poster|~|Eastern Europe Animation,,
Work,Piku Në Gjah,ark:/21198/z1544fpp,ark:/21198/z1s19vm6,asfdfas/aqshf_i4_0092_pos00001.tif,,AQSHF Animation Film Poster Collection,One copy of poster in archive collection. Copy is in very good condition.|~|Ka vetëm një kopje të këtij posteri në koleksion. Kopja është në gjendje shumë të mirë.,1986.0,1986.0,,,"Original color poster release for Albanian animated short film ""Piku Në Gjah"" (Piku Goes Hunting). Director Artan Maku's film tells story of a hunter who takes his three dogs to go hunting. But one of the dogs, Piku, causes great confusion. The Piku series of short animated films was a popular series in Albania in the 1980s.|~|Afishe origjinale për filmin e shkurtër vizatimor ""Piku në gjah"". Regjisori Artan Maku na tregon historinë e një gjahtari që vendos të niset për gjah me tre qentë e tij . Por Piku, si gjithmonë, shkakton ngatërresa të mëdha. Seria e filmave të shkurtër vizatimorë të Pikut ishte një nga seritë më popullore në Shqipëri në vitet 80’.",32.5 x 43.5,,,poster,alb,,"""New Albania"" Film Studio|~|Artan Maku",,,"Tirana, Albania","""New Albania"" Film Studio",Arkivi Qendror Shtetëror i Filmit (AQSHF),still image,copyrighted,info@aqshf.gov.al,,Tirana (Albania)|~|20th Century|~|Film poster|~|Eastern Europe Animation,,
Work,Bleta Dhe Pëllumbi,ark:/21198/z11c3pxh,ark:/21198/z1s19vm6,asfdfas/aqshf_i4_0093_pos00001.tif,,AQSHF Animation Film Poster Collection,Six copies of poster in archive collection. Copies are in good condition.|~|Në koleksion ndodhen 6 kopje të njëjta posterash për këtë titull.  Kopjet janë në gjendje shumë të mirë.,1986.0,1986.0,,,"Original color poster release for Albanian animated short film ""Bleta dhe pëllumbi"" (The Bee and the Dove). Director and animator Xhovalin Delia's short animated film finds a little bee falling into a pond on a rainy day but ultimately rescued by a pigeon.|~|Afishe origjinale për filmin e shkurtër vizatimor ""Bleta dhe pëllumbi"". Film i shkurtër vizatimor i regjisorit dhe animatorit Xhovalin Delia rrëfen për një bletë që bie në një pellg në një ditë me shi, por në fund shpëtohet nga një pëllumb.
",39 x 27,,,poster,alb,,"""New Albania"" Film Studio|~|Xhovalin Delia|~|Niko Anagnosti",,,,,Arkivi Qendror Shtetëror i Filmit (AQSHF),still image,copyrighted,info@aqshf.gov.al,,Tirana (Albania)|~|20th Century|~|Film poster|~|Eastern Europe Animation,,
Work,"Zogu Pushbardhë, Seria 6",ark:/21198/z1wm36g2,ark:/21198/z1s19vm6,asfdfas/aqshf_i4_0094_pos00001_1.tif,,AQSHF Animation Film Poster Collection,Two copies of poster in archive collection.|~|Në koleksion ndodhen 2 kopje të njëjta posterash për këtë titull.,1986.0,1986.0,,,"Original color poster release for Albanian animated short film ""Zogu Pushbardhë, Seria 6"" (The Fluffy White Chick, Part 6). Director Vlash Droboniku's animated short features popular character Pushbardhi surprised by migratory birds that leave for warmer places as soon as winter approaches.|~|Afishe origjinale për filmin e shkurtër vizatimor ""Zogu Pushbardhë, Seria 6"". Filmi i shkurtër vizatimor me regji nga Vlash Droboniku ku shfaq personazhin popullor Pushbardhi i befasuar nga zogjtë shtegtarë që nisen drejt vendeve më të ngrohta sapo afrohet dimri.",37.5 x 25.5,,,poster,alb,,"""New Albania"" Film Studio|~|Vlash Droboniku",,,,,Arkivi Qendror Shtetëror i Filmit (AQSHF),still image,copyrighted,info@aqshf.gov.al,,Tirana (Albania)|~|20th Century|~|Film poster|~|Eastern Europe Animation,,
Work,Zogu Pushbardhë 6,ark:/21198/z1rv2fvp,ark:/21198/z1s19vm6,asfdfas/aqshf_i4_0094_pos00001.tif,,AQSHF Animation Film Poster Collection,15 copies of poster in archive collection. All copies are in poor condition and appear to have water damage.|~|Në koleksion ndodhen 15 kopje të njëjta posterash për këtë titull. Të gjitha kopjet janë të dëmtuara nga lagështia.,1986.0,1986.0,,,"Original color poster release for Albanian animated short film ""Zogu Pushbardhë 6"" (The Fluffy White Chick, Part 6). Director Vlash Droboniku's animated short features popular character Pushbardhi surprised by migratory birds that leave for warmer places as soon as winter approaches.|~|Afishe origjinale për filmin e shkurtër vizatimor ""Zogu Pushbardhë, seria 6"". Pushbardhi, personazhi popullor i krijuar nga Vlash Droboniku, çuditet me zogjtë shtegtarë që fluturojnë për në vende të ngrohta.",37.5 x 25.5,,,poster,alb,,"""New Albania"" Film Studio|~|Vlash Droboniku",,,,,Arkivi Qendror Shtetëror i Filmit (AQSHF),still image,copyrighted,info@aqshf.gov.al,,Tirana (Albania)|~|20th Century|~|Albanian Film Poster|~|Eastern European Animation,,
Work,Të Mëdha Të Vogla,ark:/21198/z1n60dhj,ark:/21198/z1s19vm6,asfdfas/aqshf_i4_0098_pos00001.tif,,AQSHF Animation Film Poster Collection,Three copies of poster in archive collection. Two copies in good condition. One copy has several small tears and is crumpled.|~|Në koleksion ndodhen 3 kopje të njëjta posterash për këtë titull.  Dy nga kopjet janë në gjendje të mirë. Njëra nga kopjet ka disa grisje të vogla dhe është e zhubrosur.,1987.0,1987.0,,,"Original color poster release for Albanian animated short film ""Të mëdha të vogla"" (The Big Small). This animated film by former political exile Mitat Fagu points up negative social behavior using sarcasm.|~|Afishe origjinale për filmin e shkurtër vizatimor ""Të mëdha të vogla"". Ky film i animuar me regji nga Mitat Fagu tregon sjellje negative sociale duke përdorur sarkazëm.",38.5 x 27,,,poster,alb,,"""New Albania"" Film Studio|~|Mitat Fagu",,,,,Arkivi Qendror Shtetëror i Filmit (AQSHF),still image,copyrighted,info@aqshf.gov.al,,Tirana (Albania)|~|20th Century|~|Film poster|~|Eastern Europe Animation,,
Work,Ushtari Mburravec,ark:/21198/z1hd9nv5,ark:/21198/z1s19vm6,asfdfas/aqshf_i4_0099_pos00001.tif,,AQSHF Animation Film Poster Collection,47 copies of poster in archive collection. 19 copies are in poor condition visible water damage. Remaining 38 copies are in fair condition.|~|Në koleksion ndodhen 47 kopje të njëjta posterash për këtë titull. 19 kopje janë dukshëm të dëmtuara nga lagështia. 38 kopjet e tjera janë në gjendje të mirë.,1987.0,1987.0,,,"Original color poster release for Albanian animated short film ""Ushtari Mburravec"" (The Boastful Soldier) Director Artur Muharremi's short film follows a pretentious white chess piece who overestimates the power he has in a chess match.|~|Afishe origjinale për filmin e shkurtër vizatimor ""Ushtari Mburravec"". Filmi i shkurtër vizatimor me regji nga Artur Muharremi ndjek një pjesë shahu të bardhë pretencioze që mbivlerëson fuqinë që ka në një ndeshje shahu.",38.5 x 27,,,poster,alb,,"""New Albania"" Film Studio|~|Artur Muharremi|~|Vlash Dobroniku",,,,,Arkivi Qendror Shtetëror i Filmit (AQSHF),still image,copyrighted,info@aqshf.gov.al,,Tirana (Albania)|~|20th Century|~|Film poster|~|Eastern Europe Animation,,
Work,I Gjithë Qyteti Qesh,ark:/21198/z1cn8x2z,ark:/21198/z1s19vm6,asfdfas/aqshf_i4_0100_pos00001.tif,,AQSHF Animation Film Poster Collection,13 copies of poster in archive collection. 6 copies have slight black smear across center and back of poster.|~|Në koleksion ndodhen 13 kopje të njëjta posterash për këtë titull. Gjashtë kopje kanë njolla të zeza të zbehta në mes dhe në anën e pasme të posterit.,1987.0,1987.0,,,"Original color poster release for Albanian animated short film ""I Gjithë Qyteti Qesh"" (The Whole City Laughs). Director Esperanca Konomi's film shows young Pipiloku, a child shoe polisher, creating hilarious situations during a large fascist parade in the city in the time of Albania's Second World War occupation.|~|Afishe origjinale për filmin e shkurtër vizatimor ""I Gjithë Qyteti Qesh"". Filmi me regji nga  Esperanca Konomi tregon djaloshin Pipiloku, një lustrues këpucësh, i cili krijon situata gazmore gjatë një parade të madhe fashiste në qytet në kohën e pushtimit të Shqipërisë gjatë Luftës së Dytë Botërore.",30 x 43.5,,,poster,alb,,"""New Albania"" Film Studio|~|Esperanca Konomi",,,,,Arkivi Qendror Shtetëror i Filmit (AQSHF),still image,copyrighted,info@aqshf.gov.al,,Tirana (Albania)|~|20th Century|~|Film poster|~|Eastern Europe Animation|~|Second World War,,
Work,Busti,ark:/21198/z17w858q,ark:/21198/z1s19vm6,asfdfas/aqshf_i4_0101_pos00001.tif,,AQSHF Animation Film Poster Collection,32 copies of poster in archive collection. 3 copies have some dark stains on surface.  Remaining 29 copies are in very good condition.|~|Në koleksion ndodhen 32 kopje të njëjta posterash për këtë titull. Tre kopje kanë disa njolla të errëta në sipërfaqe. 29 kopjet e tjera janë në gjendje shumë të mirë.,1987.0,1987.0,,,"Original color poster release for Albanian animated short film ""Busti"" (The Bust). In director Artur Dauti's film the bust of the Italian leader, Mussolini, has been placed in the town square during Albania's Italian Second World War occupation. Some Albanian children, after putting the guard to sleep, destroy the bust by writing slogans against the Italian leader on the statue surface.|~|Afishe origjinale për filmin e shkurtër vizatimor ""Busti"". Në filmin me regji nga Artur Dauti busti i udhëheqësit italian, Musolini, është vendosur në sheshin e qytetit gjatë pushtimit italian të Luftës së Dytë Botërore në Shqipëri. Disa fëmijë, pasi vënë në gjumë rojen, shkatërrojnë bustin duke shkruar parrulla kundër liderit italian në sipërfaqen e statujës.",38.5 x 27,,,poster,alb,,"""New Albania"" Film Studio|~|Artur Dauti",,,,,Arkivi Qendror Shtetëror i Filmit (AQSHF),still image,copyrighted,info@aqshf.gov.al,,Tirana (Albania)|~|20th Century|~|Film poster|~|Eastern Europe Animation|~|Second World War|~|Benito Mussolini,,
Work,Përsëri Të Gëzuar,ark:/21198/z1447dj9,ark:/21198/z1s19vm6,asfdfas/aqshf_i4_0102_pos00001.tif,,AQSHF Animation Film Poster Collection,16 copies of poster in archive collection. 1 copy is folded in the middle. 7 copies are poorly printed.|~|Në koleksion ndodhen 16 kopje të njëjta posterash për këtë titull. Një kopje është e palosur në mes. Shtatë kopje janë printuar me cilësi të dobët.,1987.0,1987.0,,,"Original color poster release for Albanian animated short film ""Përsëri Të Gëzuar"" (Happy Again). Director Jani Zhonga's animated film follows a group of toys who plan to bring back their friend, a ballerina doll in a apartment across the street.  Zhonga's animated film uses stop and live-action techniques.|~|Afishe origjinale për filmin e shkurtër vizatimor ""Përsëri Të Gëzuar"". Me regji nga Jani Zhonga ky film vizatimor ndjek historinë e një grupi lodrash që planifikojnë të kthejnë shoqen e tyre, një kukull balerinë, në një apartament përballë rrugës.",35.5 x 28.5,,,poster,alb,,"""New Albania"" Film Studio|~|Jani Zhonga",,,,,Arkivi Qendror Shtetëror i Filmit (AQSHF),still image,copyrighted,info@aqshf.gov.al,,Tirana (Albania)|~|20th Century|~|Film poster|~|Eastern Europe Animation|~|Animation Techniques,,
Work,Dy Vëllezër Dhe Ujku,ark:/21198/z10c6nv1,ark:/21198/z1s19vm6,asfdfas/aqshf_i4_0104_pos00001.tif,,AQSHF Animation Film Poster Collection,Four copies of poster in archive collection. One copy has surface damage in right hand corner. Three other copies in very good condition.|~|Në koleksion ndodhen 4 kopje të njëjta posterash për këtë titull. Njëra nga kopjet ka dëmtime sipërfaqësore në cepin e djathtë. Tre kopjet e tjera janë në gjendje shumë të mirë.,1987.0,1987.0,,,"Original color poster release for Albanian animated short film ""Dy Vëllezër dhe Ujku"" (Two Brothers and the Wolf). Director Boris Ikonomi's short film shows two shepherds kill a wolf that almost eats their sheep. But during their happy celebration with the other villagers they end up eating up all their sheep themselves.|~|Afishe origjinale për filmin e shkurtër vizatimor ""Dy Vëllezër dhe Ujku"". Filmi i shkurtër vizatimor me regji nga Boris Ikonomi ku tregohet historia e dy barinjve që vrasin një ujk që hante delet e tyre. Por gjatë festës së lumtur me fshatarët e tjerë përfundojnë duke ngrënë vetë të gjitha delet e tyre.",35.5 x 28.5,,,poster,alb,,"""New Albania"" Film Studio|~|Boris Ikonomi",,,,,Arkivi Qendror Shtetëror i Filmit (AQSHF),still image,copyrighted,info@aqshf.gov.al,,Tirana (Albania)|~|20th Century|~|Film poster|~|Eastern Europe Animation,,
Work,Piku Me Lëkurë Dhelpre,ark:/21198/z1vm65dk,ark:/21198/z1s19vm6,asfdfas/aqshf_i4_0105_pos00001.tif,,AQSHF Animation Film Poster Collection,Four copies of poster in archive collection. Three copies of poster are folded and in fair condition. One copy is in good condition with no folds.|~|Në koleksion ndodhen 4 kopje të njëjta posterash për këtë titull. Tre nga kopjet janë të palosura dhe në gjendje të mirë. Një kopje është në gjendje të mirë pa palosje.,1988.0,1988.0,,,"Original color poster release for Albanian animated short film ""Piku Me Lëkurë Dhelpre"" (Piku in Wolf Disguise). In director Artan Maku's recurring animation series, Piku the dog, wanting to scare a rooster, puts on a fox skin and enters the henhouse.|~|Afishe origjinale për filmin e shkurtër vizatimor ""Piku Me Lekurë Dhelpre"". Në serinë e filmave vizatimorë të regjisorit Artan Maku, qeni Piku, duke dashur të trembë një gjel, vesh lëkurën e dhelprës dhe hyn në një kotec.",44 x 30,,,poster,alb,,"""New Albania"" Film Studio|~|Artan Maku",,,"Tirana, Albania","""New Albania"" Film Studio",Arkivi Qendror Shtetëror i Filmit (AQSHF),still image,copyrighted,info@aqshf.gov.al,,Tirana (Albania)|~|20th Century|~|Film poster|~|Eastern Europe Animation,,
Work,Kështu Po!,ark:/21198/z1qz4424,ark:/21198/z1s19vm6,asfdfas/aqshf_i4_0106_pos00001.tif,,AQSHF Animation Film Poster Collection,Two copies of poster in archive collection. One copy has slight tear in bottom middle.|~|Në koleksion ndodhen 2 kopje të njëjta posterash për këtë titull. Një nga kopjet ka një grisje të vogël poshtë në mes.,1987.0,1987.0,,,"Original color poster release for Albanian animated short film ""Kështu Po!"" (So Yes!). Director Majlinda Agolli's short shows two selfish dogs continually fight each other as they try to cross a bridge but they learn to respect one another after they both nearly drown.|~|Afishe origjinale për filmin e shkurtër vizatimor ""Kështu Po!"" Filmi i shkurtër vizatimor me regji nga Majlinda Agolli ku tregohet historia e dy qenve egoistë që luftojnë vazhdimisht me njëri-tjetrin teksa përpiqen të kalojnë një urë, por ata mësojnë sesi të respektojnë njëri-tjetrin pasi që të dy për pak sa nuk mbyten.",28.5 x 40,,,poster,alb,,"""New Albania"" Film Studio|~|Majlinda Agolli",,,,,Arkivi Qendror Shtetëror i Filmit (AQSHF),still image,copyrighted,info@aqshf.gov.al,,Tirana (Albania)|~|20th Century|~|Film poster|~|Eastern Europe Animation,,
Work,Robinsoni Dhe Shpëtimtarët 2,ark:/21198/z1m63cf2,ark:/21198/z1s19vm6,asfdfas/aqshf_i4_0107_pos00001.tif,,AQSHF Animation Film Poster Collection,Six copies of poster in archive collection. Three copies of poster have original black ink smear across top half of poster. One copy has small tear in lower left corner.|~|Në koleksion ndodhen 6 kopje të njëjta posterash për këtë titull. Tre nga kopjet kanë njollë me bojë të zezë përtej gjysmës së sipërme të posterit. Njëra nga kopjet ka një grisje të vogël në cepin poshtë majtas.,1987.0,1987.0,,,"Original color poster release for Albanian animated short film ""Robinsoni Dhe Shpëtimtarët 2"" (Robinson and the Saviors 2). Director Sokol Xhahysa's short film is a sequel to Xhahysa's ""Robinsoni Dhe Shpëtimtarët"" (1986). Based on Daniel Defoe's 18th century novel about a castaway who spends 28 years on a desert island. In this sequel, a helicopter lands on the island to take Robinson but flies away leaving him alone and stranded once again.|~|Afishe origjinale për filmin e shkurtër vizatimor ""Robinsoni dhe Shpëtimtarët 2"". Filmi i shkurtër vizatimor me regji nga Sokol Xhahysa është vazhdim i filmit ""Robinsoni dhe Shpëtimaret"" (1986). Bazuar në romanin e shekullit të 18-të shkruar nga Daniel Defoe për një të humbur që kalon 28 vjet në një ishull të shkretë. Në këtë vazhdim, një helikopter ulet në ishull për të marrë Robinsonin, por fluturon duke e lënë atë vetëm dhe të bllokuar përsëri.",40 x 28,,,poster,alb,,"""New Albania"" Film Studio|~|Sokol Xhahysa",,,,,Arkivi Qendror Shtetëror i Filmit (AQSHF),still image,copyrighted,info@aqshf.gov.al,,Tirana (Albania)|~|20th Century|~|Film poster|~|Eastern Europe Animation|~|Daniel Defoe|~|Robinson Crusoe,,
Work,Pendesa E Arushit,ark:/21198/z1gf2mnf,ark:/21198/z1s19vm6,asfdfas/aqshf_i4_0109_pos00001.tif,,AQSHF Animation Film Poster Collection,Three copies of poster in archive collection. One copy is printed on thick paper. Two copies are printed on thin paper.|~|Në koleksion ndodhen 3 kopje të njëjta posterash për këtë titull. Një kopje është printuar në letër me gramaturë të trashë. Dy kopje janë printuar në letër të hollë.,1988.0,1988.0,,,"Original color poster release for Albanian animated short film ""Pendesa e Arushit"" (The Little Bear's Remorse). Director Vlash Droboniku's short film shows a little bear who does not learn from his mistakes so his friends give him a good lesson.|~|Afishe origjinale për filmin e shkurtër vizatimor ""Pendesa e Arushit"" Filmi i shkurtër vizatimor i regjisorit Vlash Droboniku tregon historinë e një arushi të vogël që nuk mëson nga gabimet e tij ndaj miqtë i japin një mësim të mirë.",39.5 x 27,,,poster,alb,,"""New Albania"" Film Studio|~|Vlash Droboniku",,,"Tirana, Albania","""New Albania"" Film Studio",Arkivi Qendror Shtetëror i Filmit (AQSHF),still image,copyrighted,info@aqshf.gov.al,,Tirana (Albania)|~|20th Century|~|Film poster|~|Eastern Europe Animation,,
Work,Për Një Arrë,ark:/21198/z1bp1vw8,ark:/21198/z1s19vm6,asfdfas/aqshf_i4_0110_pos00001.tif,,AQSHF Animation Film Poster Collection,Three copies of poster in archive collection. Copies are in excellent condition. One copy has slight tear in bottom left corner.|~|Në koleksion ndodhen 3 kopje të njëjta posterash për këtë titull. Kopjet janë në gjendje shumë të mirë. Njëra nga kopjet ka një grisje të lehtë në cepin poshtë majtas.,1988.0,1988.0,,,"Original color poster release for Albanian animated short film ""Për Një Arrë"" (For One Acorn). Director Artan Maku's short film shows two squirrels fighting over a nut but then a bear comes and eats the nut, leaving the squirrels with nothing.|~|Afishe origjinale për filmin e shkurtër vizatimor ""Për Një Arrë"". Filmi i shkurtër vizatimor i regjisorit Artan Maku tregon dy ketra që zihen për një arrë, por më pas vjen një ari dhe ha arrën, duke i lënë ketrat pa asgjë.",42 x 28,,,poster,alb,,"""New Albania"" Film Studio|~|Artan Maku",,,"Tirana, Albania","""New Albania"" Film Studio",Arkivi Qendror Shtetëror i Filmit (AQSHF),still image,copyrighted,info@aqshf.gov.al,,Tirana (Albania)|~|20th Century|~|Film poster|~|Eastern Europe Animation,,
Work,Pipiruku Në Hambar,ark:/21198/z16x144w,ark:/21198/z1s19vm6,asfdfas/aqshf_i4_0111_pos00001.tif,,AQSHF Animation Film Poster Collection,Two copies of poster in archive collection. Copies are in very good condition. One copy is folded in the center.|~|Në koleksion ndodhen 2 kopje të njëjta posterash për këtë titull. Kopjet janë në gjendje shumë të mirë. Njëra nga kopjet ka palosje në mes,1988.0,1988.0,,,"Original color poster release for Albanian animated short film ""Pipiruku Në hambar"" (Pipiruku in the Granary). Director Gëzim Qendro's animated short is another installment from the popular Pipiruku series. In this film, the tiny hero, Pipiruku, makes an epic journey to help a bear remove a decayed tooth.|~|Afishe origjinale për filmin e shkurtër vizatimor ""Pipiruku në hambar"". Filmi i shkurtër vizatimor me regji nga Gëzim Qendro është një tjetër pjesë nga seriali i njohur Pipiruku. Në këtë film, heroi i vogël, Pipiruku, bën një udhëtim epik për të ndihmuar një ari të heqë një dhëmb të prishur.",32.5 x 38.5,,,poster,alb,,"""New Albania"" Film Studio|~|Gëzim Qendro",,,,,Arkivi Qendror Shtetëror i Filmit (AQSHF),still image,copyrighted,info@aqshf.gov.al,,Tirana (Albania)|~|20th Century|~|Film poster|~|Eastern Europe Animation,,
Work,Krimbi,ark:/21198/z1350cgc,ark:/21198/z1s19vm6,asfdfas/aqshf_i4_0112_pos00001.tif,,AQSHF Animation Film Poster Collection,"Nine copies of poster in archive collection. Three copies have colored ink smeared on right side of poster from time of printing. One copy has poster for DEFA East German film ""Frühlingssinfonie (Spring Symphony, Eng., Simfoni pranverore, Alb.) (1983) printed on back.|~|Në koleksion ndodhen 9 kopje të njëjta posterash për këtë titull. Tre nga kopjet kanë njollë boje në anën e djathtë që nga printimi. Njëra nga kopjet ka të printuar në pjesën e pasme një poster të filmit gjermano-lindor ""Frühlingssinfonie"" (Simfoni pranverore (1983).",1988.0,1988.0,,,"Original color poster release for Albanian animated short film ""Krimbi"" (Locusts). In director Majlinda Agolli's short, a balding man plants a tree, making sure that nothing comes close to his seedling, not even the chickens and birds. The characters excessive care causes the seedling to fall from the wind because inside the stalk is a worm that the chickens could not get rid of.|~|Afishe origjinale për filmin e shkurtër vizatimor ""Krimbi"". Në filmin vizatimor të regjisores Majlinda Agolli, një tullac mbjell një pemë, duke u siguruar që asgjë të mos i afrohet fidanit të tij, madje as pulat dhe zogjtë. Kujdesi i tepërt i personazheve bën që fidani të bjerë nga era sepse brenda kërcellit është një krimb nga i cili pulat nuk mund të shpëtonin.",42 x 28,,,poster,alb,,"""New Albania"" Film Studio|~|Majlinda Agolli",,,,,Arkivi Qendror Shtetëror i Filmit (AQSHF),still image,copyrighted,info@aqshf.gov.al,,Tirana (Albania)|~|20th Century|~|Film poster|~|Eastern Europe Animation|~|East German Cinema|~|DEFA,,
Work,Unë,ark:/21198/z1zc9w2f,ark:/21198/z1s19vm6,asfdfas/aqshf_i4_0114_pos00001.tif,,AQSHF Animation Film Poster Collection,Three copies of poster in archive collection. Copies are in excellent condition. Uncut around edges. Could be test copy.|~|Në koleksion ndodhen 3 kopje të njëjta posterash për këtë titull. Kopjet janë në gjendje shumë të mirë. Bordurat anësore të printimit janë të paprera. Mund të jenë kopje provë.,1988.0,1988.0,,,"Original color poster release for Albanian animated short film ""Unë"" (I). Director Robert Qafzezi's animated short features a male character who dreams of his non-existent merits. His dreams take flight, but the flight does not last long.|~|Afishe origjinale për filmin e shkurtër vizatimor ""Unë"". Filmi i shkurtër vizatimor i regjisorit Robert Qafzezi përmban një personazh mashkull i cili ëndërron për meritat e tij inekzistente. Ëndrrat e tij fluturojnë, por fluturimi nuk zgjat shumë.",42 x 28,,,poster,alb,,"""New Albania"" Film Studio|~|Robert Qafzezi",,,,,Arkivi Qendror Shtetëror i Filmit (AQSHF),still image,copyrighted,info@aqshf.gov.al,,Tirana (Albania)|~|20th Century|~|Film poster|~|Eastern Europe Animation,,
Work,Gjëra Që Ndodhin,ark:/21198/z1tq7tnp,ark:/21198/z1s19vm6,asfdfas/aqshf_i4_0115_pos00001.tif,,AQSHF Animation Film Poster Collection,Four copies of poster in archive collection. Copies are in very good condition. Three copies are poorly printed.|~|Në koleksion ndodhen 4 kopje të njëjta posterash për këtë titull. Kopjet janë në gjendje shumë të mirë. Tre nga kopjet kanë cilësi të dobët printimi.,1988.0,1988.0,,,"Original color poster release for Albanian animated short film ""Gjëra që ndodhin"" (Things That Happen). Director Niko Anagnosti's short films shows a fox who constantly organizes traps for the forest animals but her final trick boomerangs right back at her.|~|Afishe origjinale për filmin e shkurtër vizatimor ""Gjëra që ndodhin"". Filmi i shkurtër vizatimor i regjisorit Niko Anagnosti tregon për një dhelpër e cila vazhdimisht organizon kurthe për kafshët e pyllit, por truku i saj i fundit kthehet në bumerang për të.",42 x 28,,,poster,alb,,"""New Albania"" Film Studio|~|Niko Anagnosti",,,,,Arkivi Qendror Shtetëror i Filmit (AQSHF),still image,copyrighted,info@aqshf.gov.al,,Tirana (Albania)|~|20th Century|~|Film poster|~|Eastern Europe Animation,,
Work,Portreti,ark:/21198/z1pz72zs,ark:/21198/z1s19vm6,asfdfas/aqshf_i4_0116_pos00001.tif,,AQSHF Animation Film Poster Collection,"Three copies in archive poster collection. One copy is in excellent condition. One copy is slightly damaged. One copy is more damaged with folds and rips in the bottom half of poster.|~|Në koleksion ndodhen 3 kopje të njëjta posterash për këtë titull. Njëra nga kopjet është në gjendje shumë të mirë. Një kopje tjetër është paska e dëmtuar. Një kopje tjetër është më shumë e dëmtuar, ka palosje dhe grisje në gjysmën e poshtme të posterit.",1989.0,1989.0,,,"Original color poster release for Albanian animated short film ""Portreti"" (The Portrait). In director Artan Maku's short film, the male character of this animated pencil-drawn short adores his portrait as well as the frame that surrounds him in his imagination, but soon his idol worship of his own image ends.|~|Afishe origjinale për filmin e shkurtër vizatimor ""Portreti"". Në filmin vizatimor me regji nga Artan Maku, personazhi mashkull i filmit të animuar të vizatuar me laps e adhuron portretin e tij si dhe kornizën që e rrethon në imagjinatën e tij. Por, shumë shpejt adhurimi i idhullit ndaj imazhit të tij merr fund.",44 x 31.5,,,poster,alb,,"""New Albania"" Film Studio|~|Artan Maku",,,,,Arkivi Qendror Shtetëror i Filmit (AQSHF),still image,copyrighted,info@aqshf.gov.al,,Tirana (Albania)|~|20th Century|~|Film poster|~|Eastern Europe Animation,,
Work,Lisi,ark:/21198/z1k66b6b,ark:/21198/z1s19vm6,asfdfas/aqshf_i4_0117_pos00001.tif,,AQSHF Animation Film Poster Collection,Three copies in archive collection. Copies are in fair condition. All copies are crumpled with some surface damage.|~|Në koleksion ndodhen 3 kopje të njëjta posterash për këtë titull. Kopjet janë në gjendje të mirë. Të gjitha kopjet janë paksa të zhubrosura me disa dëmtime sipërfaqësore.,1988.0,1988.0,,,"Original color poster release for Albanian animated short film ""Lisi"" (The Oak Tree). In director Artur Dauti's short film, a proud oak tree is hit wildly by strong winds and lightening until it finally burns. Yet the oak has sown the seeds of continuity, thus creating a dense forest of young seedlings.|~|Afishe origjinale për filmin e shkurtër vizatimor ""Lisi"". Në filmin e shkurtër vizatimor të regjisorit Artur Dauti, një lis krenar goditet egërsisht nga erërat e forta dhe rrufetë derisa më në fund digjet. Megjithatë, lisi ka mbjellë farat e vazhdimësisë, duke krijuar kështu një pyll të dendur me fidanë të rinj.",32.5 x 38.5,,,poster,alb,,"""New Albania"" Film Studio|~|Josif Kote",,,,,Arkivi Qendror Shtetëror i Filmit (AQSHF),still image,copyrighted,info@aqshf.gov.al,,Tirana (Albania)|~|20th Century|~|Film poster|~|Eastern Europe Animation,,
Work,Peshorja,ark:/21198/z1ff5kdq,ark:/21198/z1s19vm6,asfdfas/aqshf_i4_0118_pos00001.tif,,AQSHF Animation Film Poster Collection,Four copies in archive collection. Two versions of the artwork are printed on each side of the poster. Designs are the same but one side is green color and one side is design in brown.|~|Në koleksion ndodhen 4 kopje të njëjta posterash për këtë titull. Në anën e parme dhe të pasme të posterit janë printuar dy variante të ndryshme të veprës. Dizajni është i njëjtë por në njërën anë është përdorur ngjyra e gjelbër dhe në anën tjetër ngjyra kafe.,1988.0,1988.0,,,"Original color poster release for Albanian animated short film ""Peshorja"" (Scales). In Xhovalin Delia's animated short film, two students manage to graduate from university in two different ways.|~|Afishe origjinale për filmin e shkurtër vizatimor ""Peshorja"". Në filmin e shkurtër vizatimor me regji nga Xhovalin Delia, dy studentë arrijnë të diplomohen nga universiteti në dy mënyra të ndryshme.",44 x 31.5,,,poster,alb,,"""New Albania"" Film Studio|~|Xhovalin Delia",,,,,Arkivi Qendror Shtetëror i Filmit (AQSHF),still image,copyrighted,info@aqshf.gov.al,,Tirana (Albania)|~|20th Century|~|Film poster|~|Eastern Europe Animation,,
Work,Simfonia E Pyllit,ark:/21198/z19p4tp0,ark:/21198/z1s19vm6,asfdfas/aqshf_i4_0119_pos00001.tif,,AQSHF Animation Film Poster Collection,Two copies in archive collection. Both copies are in very good condition. One copy is folded in the center. One copy is faded.|~|Në koleksion ndodhen 2 kopje të njëjta posterash për këtë titull. Të dyja kopjet janë në gjendje shumë të mirë. Një kopje është e palosur në mes. Kopja tjetër është me ngjyra të dekoloruara.,1988.0,1988.0,,,"Original color poster release for Albanian animated short film ""Simfonia e Pyllit"" (A Forest Symphony). In director Xhovalin Delia and Niko Anagnosti's animated short film, a forest orchestra performs a symphonic concert. A drunken crow steals the composition of a nightingale. When the crow performs the music, it's a disaster but when the nightingale writes it out again and performs it, the music amazes all the animals.|~|Afishe origjinale për filmin e shkurtër vizatimor ""Simfonia e Pyllit"". Në filmin e shkurtër vizatimor nga regjisorët Xhovalin Delia dhe Niko Anagnosti, një orkestër pylli jep një koncert simfonik. Një sorrë e dehur vjedh kompozimin e bilbilit. Kur sorra interpreton muzikën, është një fatkeqësi, por kur bilbili e shkruan përsëri dhe e interpreton atë, muzika i magjeps të gjitha kafshët.",40 x 29,,,poster,alb,,"""New Albania"" Film Studio|~|Xhovalin Delia",,,,,Arkivi Qendror Shtetëror i Filmit (AQSHF),still image,copyrighted,info@aqshf.gov.al,,Tirana (Albania)|~|20th Century|~|Film poster|~|Eastern Europe Animation,,
Work,Mendje Mendje,ark:/21198/z15x431z,ark:/21198/z1s19vm6,asfdfas/aqshf_i4_0120_pos00001.tif,,AQSHF Animation Film Poster Collection,Eight copies in archive collection. All copies are in excellent condition.|~|Në koleksion ndodhen 8 kopje të njëjta posterash për këtë titull. Të gjitha kopjet janë në gjendje shumë të mirë.,1988.0,1988.0,,,"Original color poster release for Albanian animated short film ""Mendje Mendje"" (Two Minds). In director Boris Ikonomi's short animanted film, a villager, his son and a donkey are disturbed by the gossip that the local villagers might be saying.|~|Afishe origjinale për filmin e shkurtër vizatimor ""Mendje Mendje"". Nw filmin e shkurtwr vizatimor me regji nga Boris Ikonomi, një fshatar, djali i tij dhe nje gomar janë të shqetësuar nga thashethemet që fshatarët e zonës mund të thonë.",40 x 29,,,poster,alb,,"""New Albania"" Film Studio|~|Boris Ikonomi",,,,,Arkivi Qendror Shtetëror i Filmit (AQSHF),still image,copyrighted,info@aqshf.gov.al,,Tirana (Albania)|~|20th Century|~|Film poster|~|Eastern Europe Animation,,
Work,Veza E Rrallë,ark:/21198/z1253bcf,ark:/21198/z1s19vm6,asfdfas/aqshf_i4_0122_pos0001.tif,,AQSHF Animation Film Poster Collection,"Eight copies in archive collection. Seven copies are in very good condition. One copy is dirty and folded with some minor tears at edges.|~|Në koleksion ndodhen 8 kopje të njëjta posterash për këtë titull. Shtatë kopje janë në gjendje shumë të mirë. Njëra nga kopjet është e papastër dhe e palosur, me disa grisje të vogla nëpër cepa.",1988.0,1988.0,,,"Original color poster release for Albanian animated short film ""Veza e Rrallë"" (The Rare Egg""). In director Stefan Taçi and Jani Zhongas' animated short film, excessive parental care takes the form of an enormous egg where an adored child is growing inside.|~|Afishe origjinale për filmin e shkurtër vizatimor ""Veza e Rrallë"". Me regji nga Stefan Taçi dhe Jani Zhonga filmi i shkurtër vizatimor tregon kujdesin e tepruar prindëror që merr formën e një veze gjigante ku një fëmijë i adhuruar po rritet brenda.",43 x 31,,,poster,alb,,"""New Albania"" Film Studio|~|Stefan Taçi",,,,,Arkivi Qendror Shtetëror i Filmit (AQSHF),still image,copyrighted,info@aqshf.gov.al,,Tirana (Albania)|~|20th Century|~|Film poster|~|Eastern Europe Animation,,
Work,Gjethja,ark:/21198/z1xh1j81,ark:/21198/z1s19vm6,asfdfas/aqshf_i4_0123_pos00001.tif,,AQSHF Animation Film Poster Collection,Two copies in archive collection. One copy is fold in middle but in good condition. One copy has some surface damage and is in fair condition.|~|Në koleksion ndodhen 2 kopje të njëjta posterash për këtë titull. Njëra nga kopjet është e palosur në mes por në gjendje të mirë. Kopja tjetër ka disa dëmtime sipërfaqësore dhe është në gjendje të mirë.,1988.0,1988.0,,,"Original color poster release for Albanian animated short film ""Gjethja"" (The Leaf). In director Artur Muharremi's animated short film, an arrogant leaf celebrates when the other leaves fall from the tree, leaving him alone. But the single leaf makes a hard realization when the hot sun appears and he no longer has the protection of the other leaves.|~|Afishe origjinale për filmin e shkurtër vizatimor ""Gjethja"". Në filmin e shkurtër vizatimor me regji nga Artur Muharremi, një gjethe arrogante feston kur gjethet e tjera bien nga pema, duke e lënë atë vetëm. Por gjethja e kupton sa keq është të mbetesh vetëm kur shfaqet dielli i nxehtë dhe ajo nuk ka më mbrojtjen e gjetheve të tjera.",41 x 28.5,,,poster,alb,,"""New Albania"" Film Studio|~|Artur Muharremi",,,,,Arkivi Qendror Shtetëror i Filmit (AQSHF),still image,copyrighted,info@aqshf.gov.al,,Tirana (Albania)|~|20th Century|~|Film poster|~|Eastern Europe Animation,,
Work,Parrullat,ark:/21198/z1sr0skr,ark:/21198/z1s19vm6,asfdfas/aqshf_i4_0124_pos00001.tif,,AQSHF Animation Film Poster Collection,Five copies in archive collection. Two copies are poorly printed.|~|Në koleksion ndodhen 5 kopje të njëjta posterash për këtë titull. Dy nga kopjet janë printuar me cilësi të dobët.,1988.0,1988.0,,,"Original color poster release for Albanian animated short film ""Parrullat"" (Slogans). In director Gëzim Qendro's animated short film, the mayor of the occupied city gets angry when he discovers one morning that the whole city is filled with anti-fascist slogans.|~|Afishe origjinale për filmin e shkurtër vizatimor ""Parrullat"" me regji nga Gëzim Qendro. Kryebashkiaku i qytetit të pushtuar nga fashistët zemërohet kur në mëngjes zbulon se i gjithë qyteti është mbushur me parrulla antifashiste.",41 x 28.5,,,poster,alb,,"""New Albania"" Film Studio|~|Gëzim Qendro",,,,,Arkivi Qendror Shtetëror i Filmit (AQSHF),still image,copyrighted,info@aqshf.gov.al,,Tirana (Albania)|~|20th Century|~|Film poster|~|Eastern Europe Animation|~|Second World War,,
Work,Vizatim Për Një Zog,ark:/21198/z1p001st,ark:/21198/z1s19vm6,asfdfas/aqshf_i4_0125_pos00001.tif,,AQSHF Animation Film Poster Collection,Six copies in archive collection. Copies are in excellent condition. One copy has printing mistake in center of poster.|~|Në koleksion ndodhen 6 kopje të njëjta posterash për këtë titull. Kopjet janë në gjendje shumë të mirë. Njëra nga kopjet ka një gabim në printim në mes të posterit.,1988.0,1988.0,,,"Original color poster release for Albanian animated short film ""Vizatim për një zog"" (Drawing for a Bird). In director Mithat Fagu's animated short film, the children of a kindergarten class draw a bird that comes to life and goes into flight.|~|Afishe origjinale për filmin e shkurtër vizatimor ""Vizatim për një zog"". Në filmin e shkurtër vizatimor të regjisorit Mithat Fagu, fëmijët e një çerdheje vizatojnë një zog që vjen në jetë dhe fluturon.",28.5 x 40,,,poster,alb,,"""New Albania"" Film Studio|~|Mitat Fagu",,,,,Arkivi Qendror Shtetëror i Filmit (AQSHF),still image,copyrighted,info@aqshf.gov.al,,Tirana (Albania)|~|20th Century|~|Film poster|~|Eastern Europe Animation,,
Work,Kampioni,ark:/21198/z1j69902,ark:/21198/z1s19vm6,asfdfas/aqshf_i4_0126_pos00001.tif,,AQSHF Animation Film Poster Collection,Six copies in archive collection. One copy is poorly printed. One copy is slightly damaged with crumpled paper in top left corner.|~|Në koleksion ndodhen 6 kopje të njëjta posterash për këtë titull. Një nga kopjet ka cilësi të dobët printimi. Një kopje tjetër është disi e dëmtuar dhe ka zhubrosje në cepin majtas lart.,1989.0,1989.0,,,"Original color poster release for Albanian animated short film ""Kampioni"" (The Champion). Director Gëzim Qendro's animated short features a well-trained rabbit that wins a championship taking place in the forest.|~|Afishe origjinale për filmin e shkurtër vizatimor ""Kampioni"". Filmi i shkurtër vizatimor i regjisorit Gëzim Qendro paraqet një lepur të stërvitur mirë që fiton një kampionat që zhvillohet në pyll.
",41 x 28.5,,,poster,alb,,"""New Albania"" Film Studio|~|Gëzim Qendro",,,,,Arkivi Qendror Shtetëror i Filmit (AQSHF),still image,copyrighted,info@aqshf.gov.al,,Tirana (Albania)|~|20th Century|~|Film poster|~|Eastern Europe Animation,,
Work,Pushbardhi Në Spital VII,ark:/21198/z1df8j8b,ark:/21198/z1s19vm6,asfdfas/aqshf_i4_0128_pos00001.tif,,AQSHF Animation Film Poster Collection,"Five copies in archive collection. One copy has poster for DEFA East German film ""Frühlingssinfonie"" (Simfoni pranverore (Alb) / Spring Symphony) (1983) on back of poster.|~|Në koleksion ndodhen 5 kopje të njëjta posterash për këtë titull. Njëra nga kopjet ka të printuar në pjesën e pasme një poster të filmit gjermano-lindor ""Frühlingssinfonie"" (Simfoni pranverore (1983).",1989.0,1989.0,,,"Original color poster release for Albanian animated short film ""Pushbardhi në spital VII"" (Pushbardhi in the Hospital, Part 7). In director Vlash Droboniku's popular animated short series, the recurring character, the little baby chick Pushbardhi, thinks he drank strawberry syrup but in fact he's drunk with alcohol and ends up in hospital.|~|Afishe origjinale për filmin e shkurtër vizatimor ""Pushbardhi ne spital VII"". Në serinë e shkurtër të animuar të regjisorit Vlash Droboniku, personazhi zogu Pushbardhë, mendon se ka pirë shurup luleshtrydhesh por në fakt është dehur me alkool dhe përfundon në spital.",40 x 28,,,poster,alb,,"""New Albania"" Film Studio|~|Vlash Droboniku",,,,,Arkivi Qendror Shtetëror i Filmit (AQSHF),still image,copyrighted,info@aqshf.gov.al,,Tirana (Albania)|~|20th Century|~|Film poster|~|Eastern Europe Animation|~|DEFA|~|East German Cinema,,
Work,Kërpudha,ark:/21198/z18p7snz,ark:/21198/z1s19vm6,asfdfas/aqshf_i4_0129_pos00001.tif,,AQSHF Animation Film Poster Collection,Four copies in archive collection. All copies are in very good condition.|~|Në koleksion ndodhen 4 kopje të njëjta posterash për këtë titull. Të gjitha kopjet janë në gjendje shumë të mirë.,1989.0,1989.0,,,"Original color poster release for Albanian animated short film ""Kërpudha"" (The Mushroom). In director Vlash Droboniku and Artur Muharremi's animated short film, a snail snuggles into a soft and comfortable place, laughing and teasing the other insects that work all day. But the soft spot is nothing but a mushroom that grows until the the snail can no longer climb down.|~|Afishe origjinale për filmin e shkurtër vizatimor ""Kërpudha"". Në filmin e shkurtër vizatimor të regjisorit Vlash Droboniku dhe Artur Muharremi, një kërmill struket në një vend të butë dhe të rehatshëm, duke qeshur dhe ngacmuar insektet e tjera që punojnë gjithë ditën. Por pika e butë nuk është gjë tjetër veçse një kërpudhë që rritet derisa kërmilli nuk mund të zbresë më poshtë.",41 x 28.5,,,poster,alb,,"""New Albania"" Film Studio|~|Artur Muharremi|~|Vlash Droboniku",,,,,Arkivi Qendror Shtetëror i Filmit (AQSHF),still image,copyrighted,info@aqshf.gov.al,,Tirana (Albania)|~|20th Century|~|Film poster|~|Eastern Europe Animation,,
Work,Lëkura e Luanit,ark:/21198/z1515r9t,ark:/21198/z1s19vm6,asfdfas/aqshf_i4_0130_pos00001.tif,,AQSHF Animation Film Poster Collection,Five copies in archive collection. Copies are in very good condition. Small white ink smudge in center of each poster.|~|Në koleksion ndodhen 5 kopje të njëjta posterash për këtë titull. Kopjet janë në gjendje shumë të mirë. Ka një njollë të vogël me bojë të bardhë në mes të secilit poster.,1989.0,1989.0,,,"Original color poster release for Albanian animated short film ""Lëkura e Luanit"" (The Skin of the Lion). In director Gjin Varfi's animated short film, a donkey finds a lion skin and hides inside it, terrorizing all the other forest animals.|~|Afishe origjinale për filmin e shkurtër vizatimor ""Lëkura e Luanit"". Në filmin e shkurtër vizatimor të regjisorit Gjin Varfi, një gomar gjen një lëkurë luani dhe fshihet brenda tij, duke terrorizuar të gjitha kafshët e tjera të pyllit.",28.5 x 40,,,poster,alb,,"""New Albania"" Film Studio|~|Telman Morina",,,,,Arkivi Qendror Shtetëror i Filmit (AQSHF),still image,copyrighted,info@aqshf.gov.al,,Tirana (Albania)|~|20th Century|~|Film poster|~|Eastern Europe Animation,,
Work,Fidani,ark:/21198/z11850nc,ark:/21198/z1s19vm6,asfdfas/aqshf_i4_0131_pos00001.tif,,AQSHF Animation Film Poster Collection,Four copies in archive collection. Copies are in excellent condition.|~|Në koleksion ndodhen 4 kopje të njëjta posterash për këtë titull. Kopjet janë në gjendje shumë të mirë.,1989.0,1989.0,,,"Original color poster release for Albanian animated short film ""Fidani"" (The Sapling). In director Stefan Taçi's animated short film, a caring, loyal man protects a young tree sapling against the natural elements.|~|Afishe origjinale për filmin e shkurtër vizatimor ""Fidani"". Në filmin e shkurtër vizatimor të regjisorit Stefan Taçi, një njeri i kujdesshëm e besnik, mbron një fidan të ri kundër elementeve të natyrës.",41 x 28.5,,,poster,alb,,"""New Albania"" Film Studio|~|Stefan Taçi",,,,,Arkivi Qendror Shtetëror i Filmit (AQSHF),still image,copyrighted,info@aqshf.gov.al,,Tirana (Albania)|~|20th Century|~|Film poster|~|Eastern Europe Animation,,
Work,Vur Kopan,ark:/21198/z1wh4h6j,ark:/21198/z1s19vm6,asfdfas/aqshf_i4_0132_pos00001.tif,,AQSHF Animation Film Poster Collection,Six copies in archive collection. Copies are in excellent condition.|~|Në koleksion ndodhen 6 kopje të njëjta posterash për këtë titull. Kopjet janë në gjendje shumë të mirë.,1989.0,1989.0,,,"Original color poster release for Albanian animated short film ""Vur Kopan"" (Start Beating). Based on a traditional tale, director Artur Dauti's animated short film tells the story about a greedy old man and his wife who nearly lose the magic gift given.|~|Afishe origjinale për filmin e shkurtër vizatimor ""Vur Kopan"". Bazuar në një përrallë të moçme, filmi i shkurtër vizatimor i regjisorit Artur Dauti tregon historinë e një plaku lakmitar dhe gruas së tij, të cilët për pak sa nuk e humbin dhuratën magjike që u është dhënë.",41 x 28.5,,,poster,alb,,"""New Albania"" Film Studio|~|Artur Dauti",,,,,Arkivi Qendror Shtetëror i Filmit (AQSHF),still image,copyrighted,info@aqshf.gov.al,,Tirana (Albania)|~|20th Century|~|Film poster|~|Eastern Europe Animation|~|East European Folk Tales,,
Work,Kush E Meriton,ark:/21198/z1rr3rcg,ark:/21198/z1s19vm6,asfdfas/aqshf_i4_0133_pos00001.tif,,AQSHF Animation Film Poster Collection,Six copies in archive collection. Copies are in excellent condition.|~|Në koleksion ndodhen 6 kopje të njëjta posterash për këtë titull. Kopjet janë në gjendje shumë të mirë.,1989.0,1989.0,,,"Original color poster release for Albanian animated short film ""Kush e meriton"" (Who Deserves It). Director Xhovalin Delia's animated film using paper cut out techniques and shows a wise old man testing the courage and strength of two young fighters.|~|Afishe origjinale për filmin e shkurtër vizatimor ""Kush e meriton"". Filmi i shkurtër vizatimor i regjisorit Xhovalin Delia duke përdorur teknikën me letra të prera, tregon një plak të urtë që provon guximin dhe forcën e dy luftëtarëve të rinj.",37.5 x 27,,,poster,alb,,"""New Albania"" Film Studio|~|Agron Mesi",,,"Tirana, Albania","""New Albania"" Film Studio",Arkivi Qendror Shtetëror i Filmit (AQSHF),still image,copyrighted,info@aqshf.gov.al,,Tirana (Albania)|~|20th Century|~|Film poster|~|Eastern Europe Animation|~|Animation Techniques,,
Work,Arbitri – Arbitri,ark:/21198/z1n030m0,ark:/21198/z1s19vm6,asfdfas/aqshf_i4_0134_pos00001.tif,,AQSHF Animation Film Poster Collection,Four copies in archive collection. One copy has slight fold in bottom left corner. Four copies are in excellent condition.|~|Në koleksion ndodhen 4 kopje të njëjta posterash për këtë titull. Njëra nga kopjet ka një palosje të lehtë në cepin majtas poshtë. Katër kopje janë në gjendje shumë të mirë.,1989.0,1989.0,,,"Original color poster release for Albanian animated short film ""Arbitri - arbitri"" (Referee - Referee). Director Sokol Xhahysa's animated short comically shows a football match, pausing to look at the dreams and fantasies of the referee.|~|Afishe origjinale për filmin e shkurtër vizatimor ""Arbitri - arbitri"".  Me regji nga Sokol Xhahysa filmi i shkurtër vizatimor tregon në mënyrë komike një ndeshje futbolli që ndërpritet për të parë ëndrrat dhe fantazitë e arbitrit.",41 x 28.5,,,poster,alb,,"""New Albania"" Film Studio|~|Sokol Xhahysa",,,,,Arkivi Qendror Shtetëror i Filmit (AQSHF),still image,copyrighted,info@aqshf.gov.al,,Tirana (Albania)|~|20th Century|~|Film poster|~|Eastern Europe Animation|~|Soccer,,
